[1,["dc+CyLmcxHbYHXmJvIGQzR"],["spriteFrame"],[["cc.BitmapFont",["_name","fontSize","_fntConfig"],0]],[[0,0,1,2,4]],[[0,"XoSoFont",32,{"commonHeight":30,"fontSize":32,"atlasName":"XoSoFont.png","fontDefDictionary":{"9":{"xOffset":0,"yOffset":0,"xAdvance":48,"rect":{"x":0,"y":0,"width":0,"height":0}},"32":{"xOffset":0,"yOffset":0,"xAdvance":6,"rect":{"x":0,"y":0,"width":0,"height":0}},"48":{"xOffset":0,"yOffset":0,"xAdvance":21,"rect":{"x":50,"y":0,"width":23,"height":30}},"49":{"xOffset":0,"yOffset":0,"xAdvance":15,"rect":{"x":73,"y":31,"width":17,"height":30}},"50":{"xOffset":0,"yOffset":0,"xAdvance":22,"rect":{"x":0,"y":31,"width":24,"height":30}},"51":{"xOffset":0,"yOffset":0,"xAdvance":21,"rect":{"x":49,"y":31,"width":23,"height":30}},"52":{"xOffset":0,"yOffset":0,"xAdvance":22,"rect":{"x":25,"y":0,"width":24,"height":30}},"53":{"xOffset":0,"yOffset":0,"xAdvance":21,"rect":{"x":49,"y":62,"width":23,"height":30}},"54":{"xOffset":0,"yOffset":0,"xAdvance":22,"rect":{"x":0,"y":0,"width":24,"height":30}},"55":{"xOffset":0,"yOffset":0,"xAdvance":22,"rect":{"x":0,"y":62,"width":24,"height":30}},"56":{"xOffset":0,"yOffset":0,"xAdvance":21,"rect":{"x":25,"y":62,"width":23,"height":30}},"57":{"xOffset":0,"yOffset":0,"xAdvance":21,"rect":{"x":25,"y":31,"width":23,"height":30}}},"kerningDict":{}}]],0,0,[0],[0],[0]]