{"paths":{"0":["res/font/XoSoFont",1],"1":["res/image/bgxs",1],"2":["res/image/ic_top_1",1],"3":["res/image/ic_top_2",1],"4":["res/image/ic_top_3",1],"5":["res/image/Xoso",1],"6":["res/font/XoSoFont",0],"7":["res/font/XoSoFont",2,1],"8":["res/image/bgxs",2,1],"9":["res/image/ic_top_1",2,1],"10":["res/image/ic_top_2",2,1],"11":["res/image/ic_top_3",2,1],"12":["res/image/XoSo",3],"13":["scene/anim/XSN_Title",5],"14":["scene/XoSoNhanhView",4]},"types":["cc.BitmapFont","cc.Texture2D","cc.SpriteFrame","cc.SpriteAtlas","cc.Prefab","cc.AnimationClip"],"uuids":["a9XYQFj11PXK4q70bmbqoz","64JEw8QxVHfZlezfMrFTOO","7dkSCMLXdNWoVt6qfrrjam","98qCrSpMNKAaRIY3JOyNf3","04MO5XfodO4IrWqzzH3uRr","4cu18lQY9J07UuY0QcyZlE","64OMritU1CX50w0UtbNgFc","ff03UB/DNOVaFIAtIWSbfe","f7o21TmNtHZpuxTFjzhLdP","03L4ZMiwlElKAeJJ87GRdx","56kqjd87BNGrnlQvg8fowe","a0M84mRnBIYJl+zvQ5A8o8","ad08n7QqpLyapvnljrCA0p","18XiCSvyZETrTxuPDmjjgo","d47sHEVW1FLq0sTOLfoEnK","7fnB+jemxBKYyJ1pOxlJQE","cai//SsOVJ/7CJzVS14RnJ","a9SrF0WoRDs7ZdQUbbKwBL","77/jra6JVBk5BkK9Yh9kcT","d6PUaGrENKLZXdQ9nHaZV+","b4Kb73W3tP4IyyVwi3nUme","edwMYvYuxB0r6VTpG4p2n7","50HFEBgdVC1YVMYMwjWk7J","06s3UBGFBPqIPtc8Fr6mZS","f9v+yvaxZPmp23woU81Zv7","72Azp7NbRHc4Xpe9kNQa8k","80TYgjoDxJ07v2HwDIUy2Q","b1yLAFgnJFV41zc/CoMrgO","bfvw6bRctDsZeeTAKBp6M5","8drDdb06pD8ql/nXZAMbip","76+48PTAhNG6EBanG0dTUN","13VqtLf8tBBoldiMXrknyj","34hgdIFbBKdoLOzr1kd/XC","6ekVG1mjpDZIcjo8VvTQE/","807eKrBydN47J62gGUcYSt","b6gBDf96dF8YuNYP2NRfwn","49n0jpN91DwJ1DHPFXWx0X","c0S0CIVXhO74blLW+ti8sv","barStMa51B7o9jceNWnmWj","ebM//vbStBlawKMm9W2rMk","b18LWQde1LxJ3vYltJ5cWL","44v/Qm+75AwKg1YsgjTc9C","e4YdTbdzhEdZy9nATznOq3","4eY1DxthlBao8oel5LIyFn","e2V7CSO6JOK5AVupmBxw/N","77MLT/SblN0KboJhsPzno/","27sY9FevBNQ4KzPZKDMxHE","a9m2RBRYdBSrpihyg9uKHv","7bhHpjZc5CRq/mSSsob0tb","45RNY0F61JDo0F197fqpBp","64VQ3TyXNET6CWDAakV1YT","7fFy4LDbdK2JHhOQLvq+Of","90/+JfbotC0oIQWKNpH4rq","cb+kmwO8FN5a1F21sFVO6U","97lDVqhTVBhLwgUvpmx91Z","ceLL496BZIPrgPNDkonnyL","c8Wt40U+JDHYAP8WNW0yoe","a44CqSXkFPCLgdAHWD52M6","b90QqqVzFGFbpgwrTtHPSs","a5kAlNFJlA8p3JkkSmK2XK","b6/nPsTWRCRJrMNWPxNFTc","ffjx3Us+RCLaV08ikL0b95","d4KaaDX0tIpYTQjfrxua6k","0fd/D2MLRM3Z18IgsqdWMP","c9azWje9FKR6SedF15LRbz","80Bk2Up+NHco/cWgxucyUD","ccv9YgMXtOIq6+6Yge+HxE","4eMXdRpE5M6YEMJnKx4iht","97h4qfkXhHwZS9Rqv2DhUI","5d7W4hsiJIk7QQ0WxJfacY","125W9LKvBLCLVgF0j5asp/","dfDseF2UhPIYKcQJ5M05tr","echJ+TXHxJt4fCPEvIr3gQ","74wPyLvk1JaoM5+e+VscBx","b2m9DyVPhB56frhsXhPrJc","a2tCSVobdFxL+p3espR0Dy","a5BbkFti5DVIw5pp4UAfhI","1dLz6tNtJOB7u2S2gaRz9j","585uZTo3hHvaqiWKpkznye","b1x0lMyABCULBE2DtofEGO","00/1NEP9JBdaDDYtK7g4Mv","bfrfuUnWNDKYO7cMkOlQrd","14XoZB0f1G4IZPKFKh5psj","23j0B/tGhF9I0urn1O4lRQ","b8ektN0jJFFoI/H6Iws2ww","e02mTECvpIgLSNWSleBosT","8adhKbw/xN9JYbyMbjkDr+","b0bmjhARNNs7SgrU9J2aXO","71KmptdfFKDZo0u99ry0PS","0dz7kYyuREJqgBropmglKe","cc8L8aqLFA47prEME4eSlI","52NASJ0xRHR7Upqrbe6ksH","0abetGJ+lE6oVKVD8iczwo","42PJKjOdVHmbw7OM9TsBgS","67gmBQg2tAi4iqK27DtFqq","cd3TY0BftGPqhOdXA9+D2s","20LI5PPudGjb47d6IrEvpw","c6WMNQExdEfLO0OucmPSlr","0bZWYaHlVLUq9B+JCQSfnW","c1s1+dHRJBua1bEzip7wvU","94eyVnAZRFH7xLvxyUx4MB","31XoBkSRZDaJLfvoVWWzMy","a41CbgLFRH46WDFK8HmPtp","dc+CyLmcxHbYHXmJvIGQzR","ecpdLyjvZBwrvm+cedCcQy","61S5h08TdPMaPmhno70pd7","eb0HxcFcJOKY++071pOgq6","ear5clp9xF77bQ0fbCS9O3","ff8cb7r1RFe4SKPacMRa+v","14Fsp7/TFEWLtSAabF63DK","5a3k8VWKxPBrEooQEHR8IH","5b3tBUG0ZN2Jf8dq0x5Vfg","b6V3Oi19BKl4NkG6Rm+cjw","2d+xGyoK9FDo9zKzaJxqLS","29z6TeaXVGcaDlLiLW4DTs","5e4NCM4atE+4Y5Ajvakizm","15AHMEtmdHtp/F/l2/v527","f0BIwQ8D5Ml7nTNQbh1YlS","e97GVMl6JHh5Ml5qEDdSGa","29FYIk+N1GYaeWH/q1NxQO","65sjN82vhDWJt+oJLhtU29","8dw7LWaaRCE5pe6nA176cy","15t5Vl/KtFzp7imi/z/gPB","819NqszqpKZbYfyOwAcnV7","33xJTRlNhFGq5Rz3YMrmcw","d3FODr0i9Nl7eed8JjoPbH","8d8FvW+WlAjK2JRpm168Kp","77ovSpMyJO96dK9oZS3wWl","ffUBo5MmBJBZWIf30f/iLo","89qnWiNNxDbKgKgdzFzcmV","fe0NsgbA1M0Z0YPc0zkm/V","2bLrPi8V9IFLBcDKFucmjF","9euXgnRaVGBpGgdmUokLug","7ddXspKORPo72gTEGoaVRY","96GReH89JHyKpkZ/RczU+g","22m2JWkYZKgpfr/oCQwZh6","2e0At22kJLe7ExtaD+Fk4m","41xTpyB+ZKD7mEjEoOCxOp","10Ep+XKBxGNI2cDLtQmGUu","82/0pkNmNA+oTQVMK04Ll0","05ZMpPyHpGA5je1/8kg/xr","1ciatePahLCLvhURns7Cby","2fa/ae8GdBEKjY19rrOPVk","56TEUglONBlbvrkWgoU2bE","0dYozk2DVEA4G+VB3PM5vn","ce9OQBwr5LZ52JmKyJGKdy","33iliUzJtKl6W+zoO/mPb/","11hABo4u5FEJ8R54culAjV","5d1Jh9FcFKkI5VWdxmMPUe","46pk7TKTRAJLjGQIrTdhnO","acZYiTUTpHbb1A21PTVxWb","c7u1HSabFBKLZKLA0k+zEP","71UI8D0pNEaJWTQ9q8ZWOw","64Jq+/BO1G6KH55MFpmS7J","51QeGei9BM7YXLuewrfhXr","6dRWX8nL1JgJkoAk4UKoFN","fdzJB7QU5M1Ygtop7uhIl7","4bcfEPy5BDa70fCKam3G9t","e2bT+4/bFN0oyttnt4JhrW","05RE9NL+NK4afsVz8E1jFx","e43CuwDCtF07EUUh3TI1q3","80XFutNadCjKPdgu90iVTl","4cLMX9PdNOWbIdaql8wYMO","0dBvmlJpFCFYmAfzUx3wEg","92KKVM1VxFYZwG/4gpJ8sM","c0H1v8mmZFipWiSawXcp4J","bfZWxFQHhNkLIUjCraZsTn","d8hjfrp6ZIB673R4gJt8LE","29aiBoFFtMuKdxVR4gYm1/","a6Fuhv7BJG3JOzItU5bQIP","00KtFzihRJmLkyDObX0r//","f6rAwim3ZMoq2je7yXPbAr","ffmZBkfAJCBaRdchWzZ8u4","d23yXMVEpJ2IOVzsILOR9K","95it9l5u9JXYtD72L47XPV","c4Xe15rjVN0p8PD7XwMIEu","7auq+bpBJJeoz/1ldzfW/+","cadWW4ZD1E+4BIO5UbVSoa","51WaLaF1RNbbzEylmqIIa0","f8c3V6U3FICozntJBgZBcW","8b2vALHVVGsoQnxvaSBa7v","d3RkVY5+NNeLmCt6kJrbtQ","fdv1bA+KNMWpw5XP+5TFvh","0ecaCmO7JOzqyexgn1c7Yr","0eb6oRkjhJ6KpTWsGFKTKN","2a09xXKvVH6Jr64wgy/wEt","a6pMJf2MJFbaAlitw83hXK","bfEaIKANJC/6OuOY6i2R0m","87CJEMz9lBSZpq3oxS5bWa","43h+3qES5HyL+4IalGGCO+","f1iT+OE4ZPY5eU+Jjd2IvQ","80c0LjIspC26txhZuIFMRz","dcWhcdpuREaoNxV0Vnf8SA","85aGm4udNDWJlGG/kw96xm","21SwhuKmdIG6nFu96v2JqE","3dc0+NCp1AP71/siqVehEZ","27WBEp60lLObVVquf1dMKG","easoCcpR1H8KIbaLrPxp6u","6bK+djY3ZKu6cx+zpFd7Ta","58d2BlnYdIOaO6JejfSx00","6aPwMoIdBBCLbLYLjMloEm","feHDV5RFZDo4jwUtU+P5+2","9cDtPGE5ZGPaj9cwx+779f","4fDafCJ5BMxbgHsniMPrbf","ebNczXhNRHxpvZf5MSm3fu","e56vvSYrVB95na/nFoEbCW"],"scenes":{},"redirect":[104,0,107,1,108,1,115,1,117,2,118,2,119,2,121,2,122,2,123,2,124,2,125,2,126,2,136,3,194,2,195,2,196,2,197,1,198,2,199,2,202,2,203,1,204,2,205,1],"deps":["internal","Global","Home","Preload"],"name":"XoSoNhanh","importBase":"import","nativeBase":"native","debug":false,"isZip":false,"encrypted":true,"versions":{"import":[170,"e4ca5",80,"17c58",9,"96509",4,"7871f",159,"6d0d7",140,"31886",23,"a8de5",92,"cc8fb",98,"db718",163,"525e7",144,"781a8",89,"70804",184,"5d261",183,"6cfda",63,"9163a",138,"a53ba",147,"2b93b",70,"eb4dc",31,"96cf5",109,"b46ba",82,"cb3cd",116,"adc50",13,"84086",141,"eee14",77,"562c0",96,"8398a",135,"c3705",83,"606a9",46,"638c3",168,"e7295",114,"1aee9",185,"4c3e5",131,"2d326",113,"2a213",142,"3b12a",101,"7f4a0",146,"14d7a",32,"4aa95",137,"a367a",93,"1a194",189,"45f33",41,"41fbe",49,"2cc73",149,"5c846",36,"ac8c0",157,"39bb8",162,"6d978",5,"7871f",67,"190cf",43,"5a8cc",22,"998e0",154,"70f3d",178,"19265",91,"b6b74",143,"64ff9",10,"a1d33",78,"5a88e",110,"42d4a",111,"e4feb",148,"b4315",69,"c0df8",105,"23138",1,"7871f",153,"92497",6,"92910",50,"7846b",120,"36454",94,"a51df",200,"12a5c",155,"dbf9b",33,"fecd6",88,"782ba",152,"e4e19",25,"2e6a2",73,"3dca9",30,"fdef0",45,"5f60d",127,"8249e",18,"9e213",176,"9e5ae",48,"0ba06",133,"dbda6",2,"7871f",51,"29edc",15,"7871f",65,"ba77c",26,"b3cb7",161,"4defd",191,"60171",34,"f2eb9",139,"3bd8d",193,"4f8b3",188,"0b6da",129,"15f1a",86,"515a1",180,"e21f5",29,"fb254",52,"e0a43",164,"465b3",100,"7e446",174,"b6322",134,"0ee56",68,"f261d",54,"db990",3,"7871f",132,"e30d3",11,"24aca",75,"3c56d",102,"94ed6",57,"5a74e",76,"ad793",59,"bcb67",169,"63398",186,"7b595",17,"7871f",0,"7871f",47,"17f50",150,"414ef",12,"af27f",87,"d8ef8",79,"56628",27,"e7c73",40,"7c8f5",74,"3f240",20,"32eaa",112,"e997e",35,"373fc",60,"1121f",84,"6d53a",58,"24550",38,"f216f",187,"361d7",166,"66e05",81,"8c003",28,"f570c",165,"167a9",37,"4de01",99,"601f2",175,"908f6",97,"ecbb4",151,"59f5c",56,"8e476",64,"cd62b",177,"7c6c2",16,"7871f",53,"02c44",66,"7cde8",90,"1a3e2",95,"5c57b",55,"a6fbc",145,"8de34",173,"fe182",181,"d5b9c",62,"3574a",14,"19591",19,"7aab7",167,"839c1",192,"53aab",103,"b098f",71,"a0ec7",85,"3614a",44,"ba296",158,"9ac22",42,"fc6df",160,"ca7c3",39,"db1ce",106,"700e5",72,"9d0e7",21,"38776",190,"5ac54",171,"da084",8,"20b8c",179,"f7a2f",24,"33544",182,"6496a",156,"e549b",201,"92910",130,"ddeb1",128,"949e6",61,"04e18",172,"eba41",7,"f544b"],"native":[4,"eebdc",5,"d7451",1,"4a7c6",2,"f6a62",15,"ae49d",3,"f8d8c",17,"39a5e",0,"ae49d",16,"3d209"]}}