[1,0,0,[["cc.AnimationClip",["_name","_duration","wrapMode","curveData"],0,11]],[[0,0,1,2,3,4]],[[0,"XSN_Title",2.3333333333333335,2,[{},"paths",11,[{},"text",11,[{},"props",11,[{},"scale",12,[[[{"frame":0},"value",8,[0,1,1]],[{"frame":0.5},"value",8,[0,0.95,0.95]],[{"frame":0.5833333333333334},"value",8,[0,1.05,1.05]],[{"frame":0.6666666666666666},"value",8,[0,0.95,0.95]],[{"frame":0.75},"value",8,[0,1.05,1.05]],[{"frame":0.8333333333333334},"value",8,[0,1,1]],[{"frame":1.5},"value",8,[0,1,1]],[{"frame":2},"value",8,[0,0.95,0.95]],[{"frame":2.0833333333333335},"value",8,[0,1.05,1.05]],[{"frame":2.1666666666666665},"value",8,[0,0.95,0.95]],[{"frame":2.25},"value",8,[0,1.05,1.05]],[{"frame":2.3333333333333335},"value",8,[0,1,1]]],11,11,11,11,11,11,11,11,11,11,11,11]]]]]]],0,0,[],[],[]]